{
  "Authoken": [
    "u85cd595a60118d34335735cda0882a2b:aWF0OiAxNzM0MzMwNjUxMjIwCg==..2avYx/7CzbtFumzvNQ1qK4Xkg1o=",
    "!addtoken",
    "!addtoken",
    "\n\"u4e95dd8cf5d971597e89a36cdb479ff9:aWF0OiAxNzM0MzMwOTIyNzI2Cg==..uzNBivK4yjNm5kXb3RuDenKLTgI=",
    "\nu4e95dd8cf5d971597e89a36cdb479ff9:aWF0OiAxNzM0MzMwOTIyNzI2Cg==..uzNBivK4yjNm5kXb3RuDenKLTgI="
  ],
  "CreatorBack": [
    "ucceb39edf7ecf4b723b5445c7fb1db73"
  ],
  "BuyerBack": [],
  "OwnerBack": [],
  "MasterBack": [],
  "AdminBack": [],
  "ResponBack": "TEAM TERMUX",
  "RnameBack": "!",
  "SnameBack": "/",
  "BotBack": [],
  "Dalltime": "2025-12-1T00:00:00Z",
  "Logobot": "🔴",
  "SellerBack": [],
  "BanBack": [
    "u173cf6307cbd49b8d4f8578202d77488"
  ],
  "FuckBack": [],
  "LockBack": [],
  "MLimit": " Limit Bosku 🔴",
  "MFfresh": " Fresh Bosku 🟢",
  "MuteBack": [],
  "AnnunceBack": [],
  "ProNameBack": [],
  "ProPictureBack": [],
  "ProNoteBack": [],
  "ProAlbumBack": [],
  "ProQrBack": [],
  "ProjoinBack": [],
  "ProInviteBack": [],
  "ProCancelBack": [],
  "ProkickBack": [],
  "GbanBack": {
    "c1978a9c1a4617b4567030882d93c4015": [],
    "c43f8b32ef51ca752bdfaca22123d66bf": [],
    "c497139c597f0870724f0fa26827a196c": []
  },
  "GadminBack": {
    "c1978a9c1a4617b4567030882d93c4015": [],
    "c43f8b32ef51ca752bdfaca22123d66bf": [],
    "c497139c597f0870724f0fa26827a196c": []
  },
  "GownerBack": {
    "c1978a9c1a4617b4567030882d93c4015": [],
    "c43f8b32ef51ca752bdfaca22123d66bf": [],
    "c497139c597f0870724f0fa26827a196c": []
  },
  "TimeBanBack": {}
}