{
  "Authoken": [
    "uaec914c2ff3cbe1ff9d14f117165b3cd:aWF0OiAxNzQwOTIwNjE2MjI3Cg==..lpxHkJgo7tCvVEl8URtaHILRek0=",
    "ud5641579eeeb4d02118a29878930de9e:aWF0OiAxNzQwOTIwODMyOTAzCg==..4Ak80q4EZ9vrax6gkuLjfH/2n7c=",
    "u976baa61fca51fd7db4bd7d01be57011:aWF0OiAxNzQwOTEzMzI1MDk5Cg==..8wXv8BK3OuwC+ggKKNCNu5ygNSc=",
    "ubee428ca9c916846ec11cd7b13e9945d:aWF0OiAxNzQwOTIwNDM3NzgxCg==..qvZZU6S9Wb0qBuV09+AcqBu+edM=",
    "u2382eb50f41a53edce3b760d4b2a4d3c:aWF0OiAxNzQwODQxODIzMjIyCg==..A7BS8zT07BsCh+qEVnAerkGGHVE=",
    "u53441de53fd21630e4f3624e637fdc64:aWF0OiAxNzQwODQxNDMyOTY3Cg==..Xdb6uTfLSOXuMQX/Nqy/k2U6el8=",
    "u15414475759f93f2b636837e5d364a97:aWF0OiAxNzQwOTI0NTk4MzkyCg==..3K/juDajS5THL+Rjd8NfwgsrfPU=",
    "ud5232749b41209341a8beb438d17938d:aWF0OiAxNzQwOTE3MzIyMDg4Cg==..6yGpXPIt1SnlsJp3RDqpWMoqbVw=",
    "u5faaec467625e20ea0ff83c8d26da563:aWF0OiAxNzQwOTM1NTI3OTcyCg==..gt3LNbHC3wOS9Fls0GVQX7Ej8hI=",
    "uee34ef85017803ad970f362a0be29697:aWF0OiAxNzQwOTE2Mzc5MDU3Cg==..mOk7y22EXOt0jBIfbTno/6/G3Rc="
  ],
  "CreatorBack": [
    "uddf9a6ee4e7c94630dbf52e22151e8fb"
  ],
  "BuyerBack": [
    "u26398ce59369b63f1cca72a9e37685ab",
    "u6efd8997b72cdec99086922846245a9e",
    "u0c45a18c121b0f0ea04612d85a03ad70",
    "ub0e8cff6709f4c1c6f23492f2f84120a",
    "u404cffb12c48eac49e82d3467f57fa68",
    "ub976a560e300fc6c2f0e4d277828709a"
  ],
  "OwnerBack": [],
  "MasterBack": [],
  "AdminBack": [
    "ufc175085ac9e4748578099b0f864cab4"
  ],
  "ResponBack": "TEAM TERMUX",
  "RnameBack": "a",
  "SnameBack": "x",
  "BotBack": [
    "u15414475759f93f2b636837e5d364a97",
    "u00477dddf041a44207bd823f18267c61",
    "u19d65a337f7c19fe2022980cbabb9ece",
    "u2382eb50f41a53edce3b760d4b2a4d3c",
    "u2a674983c0c1ac3141ac8ec9a13db998",
    "u4b4ace4fdcf78ce53f30617900de2a07",
    "u4ec4196b49ffd957f692032876dc3177",
    "u53441de53fd21630e4f3624e637fdc64",
    "u57c94f7d2bb15e5cdcb232234baacbe6",
    "u5faaec467625e20ea0ff83c8d26da563"
  ],
  "Dalltime": "2025-12-1T00:00:00Z",
  "Logobot": "🔴",
  "SellerBack": [
    "u22ef00d7aec8a3f57e36f2f9cff1f4f9",
    "u59dfbbf246a40f2ebd85fd58ad649d3a",
    "uc8418140581afa5e2d84d56e462fd04d",
    "uc30743e64aa5dd8b04a96f95ca7cdbd8"
  ],
  "BanBack": [],
  "FuckBack": [],
  "LockBack": [],
  "MLimit": " Limit Bosku 🔴",
  "MFfresh": " Fresh Bosku 🟢",
  "MuteBack": [],
  "AnnunceBack": [],
  "ProNameBack": [],
  "ProPictureBack": [],
  "ProNoteBack": [],
  "ProAlbumBack": [],
  "ProQrBack": [],
  "ProjoinBack": [],
  "ProInviteBack": [],
  "ProCancelBack": [],
  "ProkickBack": [],
  "GbanBack": {
    "c1405d561e4b0fb7a6ea43d6c2ef4d9b7": [],
    "c14c0477bc28ee56dd07aa45a504c3c7b": [],
    "c161fd8c7f1d49e973781f126ff2c1a2d": [],
    "c48e09785822a0cf230f722420956f9ad": [],
    "c78fe6b85041c14b28943063d40807403": [],
    "c8954454d9929ae65ca876c738c28477c": [],
    "ca09c4a61a6c9beebbf50a035edabd378": [],
    "cbb29246af2557d9dcab5c6e1de9fe8fe": []
  },
  "GadminBack": {
    "c1405d561e4b0fb7a6ea43d6c2ef4d9b7": [],
    "c14c0477bc28ee56dd07aa45a504c3c7b": [
      "u22ef00d7aec8a3f57e36f2f9cff1f4f9"
    ],
    "c161fd8c7f1d49e973781f126ff2c1a2d": [],
    "c48e09785822a0cf230f722420956f9ad": [],
    "c78fe6b85041c14b28943063d40807403": [],
    "c8954454d9929ae65ca876c738c28477c": [],
    "ca09c4a61a6c9beebbf50a035edabd378": [],
    "cbb29246af2557d9dcab5c6e1de9fe8fe": []
  },
  "GownerBack": {
    "c1405d561e4b0fb7a6ea43d6c2ef4d9b7": [],
    "c14c0477bc28ee56dd07aa45a504c3c7b": [],
    "c161fd8c7f1d49e973781f126ff2c1a2d": [],
    "c48e09785822a0cf230f722420956f9ad": [],
    "c78fe6b85041c14b28943063d40807403": [],
    "c8954454d9929ae65ca876c738c28477c": [],
    "ca09c4a61a6c9beebbf50a035edabd378": [],
    "cbb29246af2557d9dcab5c6e1de9fe8fe": []
  },
  "TimeBanBack": {
    "u2382eb50f41a53edce3b760d4b2a4d3c": "2025-03-17T07:28:22.950530461+07:00"
  }
}