{
  "Authoken": [
    "u9541c3f5566ee9b868728f9bde5a9d9c:aWF0OiAxNzQwMTQ4MTczMDc1Cg==..1vuy8MsRXfn9LcXM7FH3YthniAY=",
    "u331f32c599d722a032ae9f78c740beeb:aWF0OiAxNzQwMTQ4MjI1MDgwCg==..NCU2UimzcmesGfuztmQDCcU+d04=",
    "u79a2873bd6d18f9d5ea3569a43e55b38:aWF0OiAxNzQwMTQ4MzE5MTEwCg==..LTQIgAC0FIP68GqccvkNkT8CXpk=",
    "ud8d64af27741b99638b84567d06e4153:aWF0OiAxNzQwMTQ4Mzc5OTQzCg==..V3kymFWyQM/Qd4Wf45LYJoRWAUI=",
    "ueb61a93a39aac2984c1f3d05b07477fe:aWF0OiAxNzQwMTQ4NDg3NjcxCg==..VaGvDTNdoB9kdGFMV+kmHfzVwAw="
  ],
  "CreatorBack": [],
  "BuyerBack": [
    "u474c932bde5f395cd10973362c811192",
    "u6efd8997b72cdec99086922846245a9e"
  ],
  "OwnerBack": [],
  "MasterBack": [],
  "AdminBack": [],
  "ResponBack": "TEAM TERMUX",
  "RnameBack": "!",
  "SnameBack": "x",
  "BotBack": [],
  "Dalltime": "2025-12-1T00:00:00Z",
  "Logobot": "🔴",
  "SellerBack": [],
  "BanBack": [
    "ub7bc3d9c13acc337f8b2834363cb899b"
  ],
  "FuckBack": [],
  "LockBack": [
    "ub7bc3d9c13acc337f8b2834363cb899b"
  ],
  "MLimit": " Limit Bosku 🔴",
  "MFfresh": " Fresh Bosku 🟢",
  "MuteBack": [],
  "AnnunceBack": [],
  "ProNameBack": [
    "c161fd8c7f1d49e973781f126ff2c1a2d"
  ],
  "ProPictureBack": [
    "c161fd8c7f1d49e973781f126ff2c1a2d"
  ],
  "ProNoteBack": [
    "c161fd8c7f1d49e973781f126ff2c1a2d"
  ],
  "ProAlbumBack": [
    "c161fd8c7f1d49e973781f126ff2c1a2d"
  ],
  "ProQrBack": [
    "c161fd8c7f1d49e973781f126ff2c1a2d"
  ],
  "ProjoinBack": [
    "c161fd8c7f1d49e973781f126ff2c1a2d"
  ],
  "ProInviteBack": [
    "c161fd8c7f1d49e973781f126ff2c1a2d"
  ],
  "ProCancelBack": [
    "c161fd8c7f1d49e973781f126ff2c1a2d"
  ],
  "ProkickBack": [
    "c161fd8c7f1d49e973781f126ff2c1a2d"
  ],
  "GbanBack": {
    "c161fd8c7f1d49e973781f126ff2c1a2d": [],
    "c26657a32491cc3f91d1a903b89ab058b": [],
    "c358f79a2628593b9394c0ba4d89f1b41": [],
    "c35ba78cf370b560b7fc0e832fe65ddec": [],
    "c4775299f6ceee3b9017cf4fd12cd13ad": [],
    "cb60ae22a6bbcb65c37b29ac539774dce": [],
    "cd4a6b2f1252aa01436105f23603cf58a": [],
    "cdc91e00bb2c8b2b85bc4ac8c233b67dc": []
  },
  "GadminBack": {
    "c161fd8c7f1d49e973781f126ff2c1a2d": [],
    "c26657a32491cc3f91d1a903b89ab058b": [],
    "c358f79a2628593b9394c0ba4d89f1b41": [],
    "c35ba78cf370b560b7fc0e832fe65ddec": [],
    "c4775299f6ceee3b9017cf4fd12cd13ad": [],
    "cb60ae22a6bbcb65c37b29ac539774dce": [
      "u02481f691eff5fed3ea96d76c78bd60c"
    ],
    "cd4a6b2f1252aa01436105f23603cf58a": [],
    "cdc91e00bb2c8b2b85bc4ac8c233b67dc": []
  },
  "GownerBack": {
    "c161fd8c7f1d49e973781f126ff2c1a2d": [],
    "c26657a32491cc3f91d1a903b89ab058b": [],
    "c358f79a2628593b9394c0ba4d89f1b41": [],
    "c35ba78cf370b560b7fc0e832fe65ddec": [],
    "c4775299f6ceee3b9017cf4fd12cd13ad": [],
    "cb60ae22a6bbcb65c37b29ac539774dce": [],
    "cd4a6b2f1252aa01436105f23603cf58a": [],
    "cdc91e00bb2c8b2b85bc4ac8c233b67dc": []
  },
  "TimeBanBack": {}
}